epoch,training_loss,training_mixup_accuracy,validation_accuracy,validation_macro_f1,validation_balanced_accuracy,group_weight_min,group_weight_max
1,1.0366621676879109,0.43479161221490725,0.4755244755244755,0.48096259926047163,0.4753250591016549,0.11214255541563034,0.1319223791360855
2,0.9689632598089322,0.501279670567447,0.46153846153846156,0.4590058545232121,0.46217494089834515,0.09729563444852829,0.1441304236650467
3,0.9492850050781713,0.5279424610308812,0.46853146853146854,0.46296720061022123,0.4691193853427896,0.08324290066957474,0.15937767922878265
4,0.9224638913757401,0.5580292123159082,0.5104895104895105,0.5111177812924502,0.5112293144208038,0.07100118696689606,0.1766486018896103
5,0.9038824733210677,0.567381237857404,0.4405594405594406,0.43668005354752343,0.4406028368794326,0.06188223883509636,0.19151896238327026
6,0.8997809481590153,0.5754567387246892,0.5104895104895105,0.49480084716813555,0.5124113475177304,0.053751006722450256,0.20920152962207794
7,0.8828759196228638,0.5917612265451567,0.4825174825174825,0.48999699969997,0.48226950354609927,0.047311000525951385,0.22860358655452728
8,0.905429732449778,0.5847799631800548,0.45454545454545453,0.45619778840117825,0.4544917257683216,0.04208379238843918,0.24702756106853485
9,0.875052254503015,0.6037524176894992,0.43356643356643354,0.4255497994283788,0.434692671394799,0.03766896203160286,0.26546767354011536
10,0.8814450901227866,0.5997819172091684,0.4755244755244755,0.4560134850400337,0.47739361702127664,0.03411344066262245,0.28200602531433105
11,0.882426135952818,0.5976301027317451,0.4825174825174825,0.46403612336626693,0.48345153664302604,0.03155941888689995,0.29732388257980347
12,0.8467664150727587,0.6160400331234122,0.4825174825174825,0.4650881947415965,0.4844858156028369,0.02913280390202999,0.31131234765052795
13,0.8349074069380645,0.6251076279603174,0.5244755244755245,0.4946428571428571,0.525709219858156,0.0275122057646513,0.32109931111335754
14,0.8214663500856799,0.6298218971017198,0.4755244755244755,0.4714666331882602,0.4765070921985816,0.02631167694926262,0.32853004336357117
15,0.8018083641316934,0.642254030222994,0.5174825174825175,0.5031106925274855,0.5187647754137116,0.025675944983959198,0.3359927833080292
16,0.8064383315840911,0.6382769652490325,0.45454545454545453,0.4627264505598044,0.4546394799054374,0.025051642209291458,0.339904248714447
17,0.8264352990263905,0.6279792137085944,0.5174825174825175,0.5198756135026789,0.5168439716312057,0.02498544566333294,0.34310322999954224
18,0.7843164660739419,0.6485992429098619,0.5104895104895105,0.5113158314245682,0.5096040189125296,0.025130797177553177,0.3447217643260956
19,0.7665567946186387,0.6550173392555813,0.45454545454545453,0.4225375708043231,0.45715130023640665,0.025285065174102783,0.3444456160068512
20,0.756345017945081,0.6621918775261688,0.46153846153846156,0.4263885210269864,0.4633569739952719,0.025686824694275856,0.34615910053253174
21,0.7589034507190126,0.6627884360814427,0.4405594405594406,0.36794899471813247,0.4432624113475177,0.026133878156542778,0.34565162658691406
22,0.7629102304081601,0.6650361312816597,0.44755244755244755,0.42964906474291026,0.449468085106383,0.026475083082914352,0.3497196435928345
23,0.724561339566355,0.676014263554663,0.5244755244755245,0.529764353293765,0.5249704491725768,0.02749849483370781,0.34525811672210693
24,0.7601765630229635,0.6626722428409573,0.5174825174825175,0.5084104634174499,0.5187647754137116,0.02776053361594677,0.34429696202278137
25,0.7090805131498861,0.6875810288385985,0.40559440559440557,0.34833900928227535,0.408096926713948,0.028448916971683502,0.3409869968891144
26,0.692211866091579,0.6986731481519559,0.48951048951048953,0.48921379331735954,0.49010047281323876,0.02909565530717373,0.33808016777038574
27,0.7108323891395956,0.6904343758927701,0.43356643356643354,0.3783305517086277,0.436613475177305,0.02987900748848915,0.3383110761642456
28,0.6804704265582229,0.7058277566876306,0.4755244755244755,0.41357692690769915,0.47635933806146574,0.03073488175868988,0.3362029492855072
29,0.6835357566846874,0.7024339731275893,0.4825174825174825,0.47039941984939365,0.4841903073286052,0.03177023306488991,0.3365812301635742
30,0.6480386298082411,0.7217827590868765,0.4755244755244755,0.46271199590852446,0.47724586288416077,0.03301769867539406,0.3339654207229614
31,0.6896206372835253,0.709382784684535,0.5034965034965035,0.512004687436861,0.5032505910165485,0.03341330215334892,0.33526432514190674
32,0.6707441932908191,0.7179533431254157,0.4825174825174825,0.4656161746982533,0.4841903073286052,0.03469906002283096,0.3333243727684021
33,0.7114957662105611,0.7008838115947793,0.5104895104895105,0.5026173684582671,0.5118203309692672,0.035235390067100525,0.33380404114723206
34,0.6545605558739674,0.7216403840548662,0.4405594405594406,0.38284039798282676,0.4423758865248227,0.035875353962183,0.3311930000782013
35,0.6675951153323946,0.7168969251767708,0.48951048951048953,0.47595032224633993,0.4911347517730496,0.03697213903069496,0.328018456697464
36,0.6896278037097165,0.7172218923215459,0.5174825174825175,0.5171708895895258,0.5175827423167848,0.03741297125816345,0.3289943039417267
37,0.6935862578560931,0.7140076301840823,0.46153846153846156,0.4309721734379268,0.4640957446808511,0.03808218613266945,0.3281708061695099
38,0.6922322253188327,0.7181085520246868,0.44755244755244755,0.43549287776252904,0.4491725768321513,0.0385253019630909,0.3288780152797699
39,0.6737693571178928,0.7273366070849082,0.46853146853146854,0.4386287113559841,0.4704491725768321,0.03861810639500618,0.3301272690296173
40,0.6823382949801019,0.715819577088059,0.4825174825174825,0.445866610620709,0.4844858156028369,0.03907134011387825,0.3295312523841858
41,0.6456869961758703,0.736423662967441,0.44755244755244755,0.3913246543100912,0.4497635933806146,0.039639316499233246,0.3279268443584442
42,0.6522363493804797,0.7358752861488467,0.4825174825174825,0.4662331599306389,0.4834515366430259,0.039916105568408966,0.3250437378883362
43,0.6067054218596954,0.7550228256243307,0.5174825174825175,0.516828108054816,0.5181737588652483,0.04061513394117355,0.32076022028923035
44,0.6012164209955879,0.7576973622712653,0.5314685314685315,0.5331007170170531,0.5308806146572104,0.041495442390441895,0.3186018168926239
45,0.6868912935231428,0.727434872385843,0.5104895104895105,0.4909950271045204,0.5122635933806147,0.04149976000189781,0.320476770401001
