fold,test_group,participant,file_id,y_true,y_pred,probabilities
1,P01+P02+P08,P01,dcbae6be89902f13,0,0,"[0.8752697706222534,0.12443029880523682,0.00029980347608216107]"
1,P01+P02+P08,P01,6adaf5abdb97596b,0,1,"[0.42247724533081055,0.5724880695343018,0.005034677684307098]"
1,P01+P02+P08,P01,53c6391ba3a4793b,0,1,"[0.2215091437101364,0.7636484503746033,0.01484239287674427]"
1,P01+P02+P08,P01,e658dfd0fe8fb190,0,1,"[0.2022608518600464,0.7241630554199219,0.07357604056596756]"
1,P01+P02+P08,P01,dc2a0d9f5792f001,0,0,"[0.595264732837677,0.358480840921402,0.0462544746696949]"
1,P01+P02+P08,P01,c85706a5d43b01fe,0,1,"[0.3031294047832489,0.5564827919006348,0.14038783311843872]"
1,P01+P02+P08,P01,f6fa205de0995cf0,1,0,"[0.9067654609680176,0.09308181703090668,0.0001527262502349913]"
1,P01+P02+P08,P01,4be7fbf6a8946f0d,1,0,"[0.7934576869010925,0.2021438330411911,0.004398530349135399]"
1,P01+P02+P08,P01,aa8cfaa734fca75f,1,1,"[0.2617802023887634,0.6634936928749084,0.07472611963748932]"
1,P01+P02+P08,P01,e35b6125219c65aa,1,0,"[0.49033477902412415,0.38859230279922485,0.1210729330778122]"
1,P01+P02+P08,P01,84adc6b273a3e6bb,1,0,"[0.5456702709197998,0.3792673349380493,0.07506241649389267]"
1,P01+P02+P08,P01,6164d5ddd3692df5,1,1,"[0.4013258218765259,0.47643783688545227,0.12223629653453827]"
1,P01+P02+P08,P01,aede05b0f44fa7f6,2,1,"[0.32666653394699097,0.600051760673523,0.07328172028064728]"
1,P01+P02+P08,P01,991928b61e3c9a88,2,0,"[0.5621142983436584,0.3656621277332306,0.07222359627485275]"
1,P01+P02+P08,P01,dbc4908f68c1e83e,2,0,"[0.8322373032569885,0.15572915971279144,0.012033428065478802]"
1,P01+P02+P08,P01,45a390a6634e31e0,2,0,"[0.6271964311599731,0.2866937518119812,0.08610984683036804]"
1,P01+P02+P08,P01,e94061f2adc2d85b,2,0,"[0.4767204523086548,0.47052767872810364,0.052751872688531876]"
1,P01+P02+P08,P01,47d6b0d3c0306ac2,2,0,"[0.41465824842453003,0.3457479178905487,0.23959390819072723]"
1,P01+P02+P08,P01,36c2e5143b4325ab,0,0,"[0.8171949982643127,0.18191437423229218,0.0008906229049898684]"
1,P01+P02+P08,P01,2cc3e98e001fee11,0,0,"[0.6222360134124756,0.3669116795063019,0.010852297767996788]"
1,P01+P02+P08,P01,023ac6f3d3b9350d,0,0,"[0.7177221775054932,0.27555975317955017,0.006718034390360117]"
1,P01+P02+P08,P01,f919e10253153f12,0,0,"[0.7065861821174622,0.2375515103340149,0.05586247891187668]"
1,P01+P02+P08,P01,cbc3fc2df3ecf1ac,0,0,"[0.5094659924507141,0.33032506704330444,0.1602088212966919]"
1,P01+P02+P08,P01,d83f9052f228cb11,0,1,"[0.21328198909759521,0.49516716599464417,0.29155072569847107]"
1,P01+P02+P08,P01,fbb193207bdb838f,1,0,"[0.6947026252746582,0.3034285306930542,0.0018689155112951994]"
1,P01+P02+P08,P01,8bbfb960adb271d9,1,0,"[0.5199801921844482,0.47232723236083984,0.0076927300542593]"
1,P01+P02+P08,P01,6b5fe72c3a37e0a8,1,1,"[0.39996081590652466,0.5858346223831177,0.014204604551196098]"
1,P01+P02+P08,P01,590dd2d1bda79373,1,0,"[0.5217431783676147,0.4317919611930847,0.046464964747428894]"
1,P01+P02+P08,P01,08327a26197b8a76,1,0,"[0.6507172584533691,0.3227076530456543,0.026575040072202682]"
1,P01+P02+P08,P01,c72de673456c03b6,1,1,"[0.33858585357666016,0.6183059811592102,0.04310804232954979]"
1,P01+P02+P08,P01,6abab3a494bbdb96,2,0,"[0.7309370636940002,0.2636745572090149,0.00538859935477376]"
1,P01+P02+P08,P01,74c91f1e7e6fd32e,2,1,"[0.3207806348800659,0.6537361145019531,0.025483472272753716]"
1,P01+P02+P08,P01,8b0a51a125abc87d,2,1,"[0.4406457841396332,0.5330212116241455,0.026333186775445938]"
1,P01+P02+P08,P01,37bfbb1e8f83e5bf,2,0,"[0.5325120091438293,0.38528919219970703,0.08219881355762482]"
1,P01+P02+P08,P01,a9764ab010d8f475,2,0,"[0.5909549593925476,0.34102851152420044,0.06801655888557434]"
1,P01+P02+P08,P01,80519a7575b385ad,2,1,"[0.18966864049434662,0.7380799055099487,0.07225141674280167]"
1,P01+P02+P08,P02,a3187ede8868b788,0,0,"[0.5804340243339539,0.4167018234729767,0.002864136826246977]"
1,P01+P02+P08,P02,5c9dc756893678d3,0,0,"[0.5632279515266418,0.4256135821342468,0.011158423498272896]"
1,P01+P02+P08,P02,f677622d24242175,0,0,"[0.5826053023338318,0.38997817039489746,0.027416512370109558]"
1,P01+P02+P08,P02,32bc19fac4894f3c,0,0,"[0.6674179434776306,0.3164061903953552,0.016175948083400726]"
1,P01+P02+P08,P02,b8ddd08d9029f922,0,0,"[0.5733678936958313,0.4026786684989929,0.02395358867943287]"
1,P01+P02+P08,P02,3fe4b197218c8849,0,1,"[0.4047682583332062,0.5168192982673645,0.07841254770755768]"
1,P01+P02+P08,P02,12e15f23fd4dbf6b,1,1,"[0.47745269536972046,0.5181189775466919,0.004428212996572256]"
1,P01+P02+P08,P02,451fc9c45ff6c51f,1,0,"[0.5243307948112488,0.4723166525363922,0.0033525556791573763]"
1,P01+P02+P08,P02,c05608290f2bca29,1,1,"[0.44758033752441406,0.5258795619010925,0.026540007442235947]"
1,P01+P02+P08,P02,5c82c774284a3f6d,1,1,"[0.4682512581348419,0.524066150188446,0.007682580500841141]"
1,P01+P02+P08,P02,35d6899ee765daf1,1,0,"[0.6130354404449463,0.37254390120506287,0.014420699328184128]"
1,P01+P02+P08,P02,47c870b5d201b629,1,0,"[0.5138899087905884,0.4630483090877533,0.023061838001012802]"
1,P01+P02+P08,P02,f4fab2af0fac4cc4,2,1,"[0.20986317098140717,0.5914762616157532,0.1986604928970337]"
1,P01+P02+P08,P02,9ce2a24158b0ffef,2,1,"[0.4141969680786133,0.49192604422569275,0.09387698769569397]"
1,P01+P02+P08,P02,a3c0011741c92d28,2,0,"[0.6869917511940002,0.2741008698940277,0.03890734538435936]"
1,P01+P02+P08,P02,2bc2fe194a4cba05,2,0,"[0.7195643782615662,0.2675110697746277,0.012924541719257832]"
1,P01+P02+P08,P02,dd4d8436955e1227,2,0,"[0.7881558537483215,0.20501963794231415,0.006824512965977192]"
1,P01+P02+P08,P02,793e4e0f6e55a154,2,0,"[0.5891810059547424,0.4014146327972412,0.009404628537595272]"
1,P01+P02+P08,P02,4d9d8b367009e5a1,0,0,"[0.8268731236457825,0.15964680910110474,0.01348020974546671]"
1,P01+P02+P08,P02,adb5fad7920d33b7,0,0,"[0.992867648601532,0.006772887893021107,0.0003595994785428047]"
1,P01+P02+P08,P02,c430513b45b9688b,0,0,"[0.977236807346344,0.01810351572930813,0.004659624304622412]"
1,P01+P02+P08,P02,7c4f6e30028f9887,0,0,"[0.9945757389068604,0.0039021114353090525,0.0015221369685605168]"
1,P01+P02+P08,P02,63557bf934497795,0,0,"[0.967150092124939,0.029466092586517334,0.0033838406670838594]"
1,P01+P02+P08,P02,de5e295a95e47c77,0,0,"[0.955510675907135,0.04302345588803291,0.0014658869476988912]"
1,P01+P02+P08,P02,5f58a28164503945,1,0,"[0.835858166217804,0.15355806052684784,0.010583789087831974]"
1,P01+P02+P08,P02,befa815c21d5d24f,1,0,"[0.9856518507003784,0.013857056386768818,0.000490914040710777]"
1,P01+P02+P08,P02,97a7de3883153fff,1,0,"[0.9901629090309143,0.008324436843395233,0.0015128335217013955]"
1,P01+P02+P08,P02,ebab3ab222abc822,1,0,"[0.9981072545051575,0.001237503020092845,0.0006553111015819013]"
1,P01+P02+P08,P02,0cc57250cf836c7c,1,0,"[0.9812307357788086,0.016651002690196037,0.0021183451171964407]"
1,P01+P02+P08,P02,7538ffbbb8c69243,1,0,"[0.9395327568054199,0.059297557920217514,0.0011697133304551244]"
1,P01+P02+P08,P02,21727a09497ea741,2,2,"[0.28558897972106934,0.23519501090049744,0.47921597957611084]"
1,P01+P02+P08,P02,88b7cd9fedea7234,2,2,"[0.41573622822761536,0.08486542105674744,0.49939829111099243]"
1,P01+P02+P08,P02,ee6d6adc489fda1e,2,0,"[0.9163004755973816,0.05087544023990631,0.03282393887639046]"
1,P01+P02+P08,P02,e7ff0066cfd2f3c9,2,0,"[0.8183630108833313,0.16372524201869965,0.017911992967128754]"
1,P01+P02+P08,P02,a1642c9faedcf1dc,2,0,"[0.8223944306373596,0.16921256482601166,0.008393001742661]"
1,P01+P02+P08,P02,4021265bb116634d,2,0,"[0.7490471601486206,0.23273617029190063,0.018216878175735474]"
1,P01+P02+P08,P08,b7e91206bdc5c66e,0,0,"[0.6933210492134094,0.2774595022201538,0.02921934798359871]"
1,P01+P02+P08,P08,e65226d9d5df0a3f,0,0,"[0.621533989906311,0.3585110306739807,0.019955001771450043]"
1,P01+P02+P08,P08,b063edeecb74eb9e,0,0,"[0.584688127040863,0.29376420378685,0.12154769897460938]"
1,P01+P02+P08,P08,cac2cf175555425a,0,1,"[0.30276280641555786,0.3983895182609558,0.2988477051258087]"
1,P01+P02+P08,P08,e833a48e66dc6ae4,0,0,"[0.4705505073070526,0.3275311589241028,0.20191839337348938]"
1,P01+P02+P08,P08,7b2f7cdb6ab9e89f,0,1,"[0.11414621025323868,0.4624989330768585,0.4233549237251282]"
1,P01+P02+P08,P08,8060296bd86d04f8,1,1,"[0.24587799608707428,0.5929585695266724,0.16116347908973694]"
1,P01+P02+P08,P08,2b6a8cc9da4d3c17,1,0,"[0.7979963421821594,0.16895069181919098,0.033053021878004074]"
1,P01+P02+P08,P08,5bb29bc3fbbda87a,1,1,"[0.31918197870254517,0.5982570052146912,0.08256108313798904]"
1,P01+P02+P08,P08,3629c071c385442e,1,1,"[0.2513289451599121,0.3850719928741455,0.36359912157058716]"
1,P01+P02+P08,P08,d96e1b3dd4073130,1,1,"[0.26324450969696045,0.42987409234046936,0.3068813979625702]"
1,P01+P02+P08,P08,56dd2d36c8b21bc7,1,1,"[0.08868128806352615,0.5249618887901306,0.3863567113876343]"
1,P01+P02+P08,P08,80ced7d2ed487a88,2,2,"[0.11628243327140808,0.19403590261936188,0.6896816492080688]"
1,P01+P02+P08,P08,523ba7ed0faa8660,2,2,"[0.052519865334033966,0.4438420832157135,0.5036380290985107]"
1,P01+P02+P08,P08,74773c1a6d8d82e2,2,2,"[0.1482848972082138,0.4152738153934479,0.43644121289253235]"
1,P01+P02+P08,P08,31e46b381f2c433d,2,2,"[0.2412002831697464,0.33062320947647095,0.4281764626502991]"
1,P01+P02+P08,P08,e158ab83d78d21bf,2,1,"[0.3192475736141205,0.34685003757476807,0.33390241861343384]"
1,P01+P02+P08,P08,d4768de3f48d9abb,2,2,"[0.12538863718509674,0.3396807014942169,0.5349305868148804]"
1,P01+P02+P08,P08,5d3b51748f3a2ea3,0,0,"[0.6213648319244385,0.36551162600517273,0.01312362402677536]"
1,P01+P02+P08,P08,414e58248548636e,0,0,"[0.6758273839950562,0.3039856553077698,0.020186789333820343]"
1,P01+P02+P08,P08,cc0b1d5a0ed3d40e,0,1,"[0.19486545026302338,0.7317883968353271,0.07334603369235992]"
1,P01+P02+P08,P08,d346c8415ceb3f69,0,1,"[0.19679981470108032,0.5601691603660583,0.2430310696363449]"
1,P01+P02+P08,P08,2d0c7afe2573709b,0,1,"[0.37465420365333557,0.49680981040000916,0.12853601574897766]"
1,P01+P02+P08,P08,733014bd6f0bafd2,0,1,"[0.18467944860458374,0.7010270953178406,0.11429346352815628]"
1,P01+P02+P08,P08,7812a1e368104903,1,1,"[0.47598952054977417,0.5161613821983337,0.007849101908504963]"
1,P01+P02+P08,P08,eaa919d0c5b792a5,1,1,"[0.2003820836544037,0.7812554836273193,0.01836264319717884]"
1,P01+P02+P08,P08,018804658ff9f26b,1,1,"[0.1355796605348587,0.818952739238739,0.04546748474240303]"
1,P01+P02+P08,P08,af125e00bce19258,1,1,"[0.16424262523651123,0.6776655316352844,0.15809160470962524]"
1,P01+P02+P08,P08,c5fc315c0523267e,1,1,"[0.22808925807476044,0.5940293669700623,0.17788125574588776]"
1,P01+P02+P08,P08,6e0fceec327a2fb4,1,1,"[0.09240700304508209,0.710627019405365,0.19696582853794098]"
1,P01+P02+P08,P08,ae7d64e7ef3ae508,2,1,"[0.28386905789375305,0.6634090542793274,0.05272206664085388]"
1,P01+P02+P08,P08,496f6fe53c461c79,2,1,"[0.03460923954844475,0.9189332127571106,0.0464576818048954]"
1,P01+P02+P08,P08,01e4f886c26581c6,2,1,"[0.05345381796360016,0.8895678520202637,0.056978415697813034]"
1,P01+P02+P08,P08,a6a692a5cee6595c,2,1,"[0.13856425881385803,0.7413535118103027,0.12008227407932281]"
1,P01+P02+P08,P08,d3cb9f5bedd82dce,2,1,"[0.34409186244010925,0.5759426355361938,0.07996536046266556]"
1,P01+P02+P08,P08,3075e50418d7a617,2,1,"[0.09240350872278214,0.7134974598884583,0.1940990686416626]"
2,P12+P11+P03,P03,57f6a07618a7ffc9,0,0,"[0.4698857069015503,0.32070717215538025,0.20940719544887543]"
2,P12+P11+P03,P03,9a1f66799c302309,0,0,"[0.4704974591732025,0.36909133195877075,0.16041111946105957]"
2,P12+P11+P03,P03,5186918270185347,0,1,"[0.1758468896150589,0.47303539514541626,0.35111767053604126]"
2,P12+P11+P03,P03,ff452ccf7f10109a,0,0,"[0.459808886051178,0.3556237816810608,0.18456728756427765]"
2,P12+P11+P03,P03,a499dcadfb560eeb,0,1,"[0.2409324049949646,0.45648473501205444,0.30258288979530334]"
2,P12+P11+P03,P03,7830a117954c9ff3,0,2,"[0.29649612307548523,0.30501142144203186,0.39849239587783813]"
2,P12+P11+P03,P03,54dff029d07a8545,1,1,"[0.23558735847473145,0.7083905339241028,0.05602213740348816]"
2,P12+P11+P03,P03,931d938452a9fbe7,1,1,"[0.3687533140182495,0.46174225211143494,0.16950450837612152]"
2,P12+P11+P03,P03,85822326052e88fb,1,1,"[0.19812463223934174,0.46938619017601013,0.3324891924858093]"
2,P12+P11+P03,P03,ad1479e7f8ffa148,1,1,"[0.30097320675849915,0.38586607575416565,0.3131609559059143]"
2,P12+P11+P03,P03,64bff1bd3e3da393,1,1,"[0.24933399260044098,0.5098299384117126,0.2408360242843628]"
2,P12+P11+P03,P03,fc27784caffff9b1,1,0,"[0.41238436102867126,0.23691792786121368,0.35069769620895386]"
2,P12+P11+P03,P03,cb5d0b283c57822c,2,2,"[0.1268911063671112,0.20852871239185333,0.664580225944519]"
2,P12+P11+P03,P03,3231694425a41dfd,2,1,"[0.2723136246204376,0.40770313143730164,0.3199833035469055]"
2,P12+P11+P03,P03,2ab1c662672318d7,2,0,"[0.5021385550498962,0.2777799367904663,0.22008144855499268]"
2,P12+P11+P03,P03,8db2183cf0cad65c,2,1,"[0.36819887161254883,0.3987036645412445,0.23309746384620667]"
2,P12+P11+P03,P03,62b92239d7c5681b,2,1,"[0.24022945761680603,0.4980812072753906,0.26168927550315857]"
2,P12+P11+P03,P03,fbeb19dabfd6b5e3,2,2,"[0.29314282536506653,0.3035823702812195,0.4032747149467468]"
2,P12+P11+P03,P03,c79ec80faa731e1f,0,0,"[0.4712699353694916,0.33895057439804077,0.18977941572666168]"
2,P12+P11+P03,P03,3711931816ce05fe,0,1,"[0.29084622859954834,0.6005953550338745,0.10855833441019058]"
2,P12+P11+P03,P03,d5cb574c4826754a,0,0,"[0.4907713532447815,0.35033243894577026,0.15889616310596466]"
2,P12+P11+P03,P03,86f03ef1c69ad695,0,1,"[0.2075532227754593,0.5514000058174133,0.2410467565059662]"
2,P12+P11+P03,P03,ead88e05bdc3be97,0,2,"[0.17049041390419006,0.326515793800354,0.5029937624931335]"
2,P12+P11+P03,P03,88989f4765b1306d,1,1,"[0.46451112627983093,0.46506091952323914,0.07042796164751053]"
2,P12+P11+P03,P03,060ef0d8daff9356,1,1,"[0.24699607491493225,0.541990339756012,0.21101342141628265]"
2,P12+P11+P03,P03,06a8b17eede8951e,2,0,"[0.6003842353820801,0.3071654736995697,0.09245036542415619]"
2,P12+P11+P03,P03,7600471c1e953f43,2,0,"[0.6074110269546509,0.26746946573257446,0.12511953711509705]"
2,P12+P11+P03,P03,a41b77db40393633,2,0,"[0.6670265197753906,0.22987057268619537,0.10310282558202744]"
2,P12+P11+P03,P03,8daa1a8d4fb587cf,2,1,"[0.42662808299064636,0.4313378632068634,0.14203406870365143]"
2,P12+P11+P03,P03,1902a0e9219c24ee,2,1,"[0.3422217071056366,0.5236015319824219,0.13417667150497437]"
2,P12+P11+P03,P03,78ed599b411c7406,2,1,"[0.31313157081604004,0.34373095631599426,0.3431375026702881]"
2,P12+P11+P03,P11,6f187f3c372f5499,0,0,"[0.6283105611801147,0.3518375754356384,0.019852029159665108]"
2,P12+P11+P03,P11,d9bfa66dfe522896,0,0,"[0.6993595361709595,0.27629154920578003,0.024348994717001915]"
2,P12+P11+P03,P11,6d82f728e889e5af,0,0,"[0.8074049353599548,0.17113527655601501,0.021459635347127914]"
2,P12+P11+P03,P11,5b2dd1896d9540c4,0,0,"[0.5758959650993347,0.3510332703590393,0.07307066023349762]"
2,P12+P11+P03,P11,90853c0bed642bfc,0,0,"[0.5430249571800232,0.3976875841617584,0.05928739532828331]"
2,P12+P11+P03,P11,e104f2ac57720307,0,1,"[0.34724003076553345,0.5583439469337463,0.0944160670042038]"
2,P12+P11+P03,P11,a35cb5668cd6063f,1,0,"[0.7187089323997498,0.23895815014839172,0.04233301430940628]"
2,P12+P11+P03,P11,4c96011d41b12f53,1,0,"[0.4689401090145111,0.45165687799453735,0.07940302044153214]"
2,P12+P11+P03,P11,24442ea5f26d85e9,1,0,"[0.604686439037323,0.29556912183761597,0.09974431991577148]"
2,P12+P11+P03,P11,2442ce379ed25ff7,1,1,"[0.382129430770874,0.3872567415237427,0.23061370849609375]"
2,P12+P11+P03,P11,fcc07cc30eb90c6f,1,1,"[0.33880460262298584,0.3818870782852173,0.2793081998825073]"
2,P12+P11+P03,P11,1b48249d45b0de46,1,0,"[0.5335192084312439,0.30963248014450073,0.15684834122657776]"
2,P12+P11+P03,P11,7140985a2c5c0bb4,2,2,"[0.23483911156654358,0.11433041840791702,0.6508305668830872]"
2,P12+P11+P03,P11,2beee2784ebfffc1,2,2,"[0.3277037739753723,0.22122004628181458,0.4510762095451355]"
2,P12+P11+P03,P11,0ddffa0ce137e324,2,0,"[0.5796481370925903,0.357530802488327,0.06282088905572891]"
2,P12+P11+P03,P11,dd156b8bddd9f5c8,2,0,"[0.5998043417930603,0.3296927213668823,0.07050295174121857]"
2,P12+P11+P03,P11,3098600f6c483aeb,2,1,"[0.4641914963722229,0.46458008885383606,0.0712282657623291]"
2,P12+P11+P03,P11,2796e245790a28f1,2,0,"[0.46136265993118286,0.3507886528968811,0.1878487914800644]"
2,P12+P11+P03,P11,e6a002a43f692a71,0,0,"[0.5117625594139099,0.3486606478691101,0.13957679271697998]"
2,P12+P11+P03,P11,1203119d82f38c13,0,0,"[0.5757729411125183,0.23924167454242706,0.18498554825782776]"
2,P12+P11+P03,P11,239deab8c96bcebd,0,0,"[0.5661731958389282,0.16299697756767273,0.2708297073841095]"
2,P12+P11+P03,P11,bd009de2434d8bbc,0,2,"[0.32079169154167175,0.2040446549654007,0.47516366839408875]"
2,P12+P11+P03,P11,bcd3aa858b31ba49,0,0,"[0.4136151671409607,0.3999716639518738,0.1864132136106491]"
2,P12+P11+P03,P11,1143bc723141ff2d,0,0,"[0.6185686588287354,0.282473623752594,0.09895770251750946]"
2,P12+P11+P03,P11,444d04207f9b4125,1,2,"[0.18149836361408234,0.0863494798541069,0.7321521043777466]"
2,P12+P11+P03,P11,b64092d3e8d1e137,1,2,"[0.2477569282054901,0.09553888440132141,0.6567041277885437]"
2,P12+P11+P03,P11,b69114ed72a4ea42,1,2,"[0.3452206254005432,0.054192520678043365,0.6005868911743164]"
2,P12+P11+P03,P11,49fc6e61c970f363,1,2,"[0.3864961862564087,0.14578686654567719,0.4677168130874634]"
2,P12+P11+P03,P11,171e31fb2f9c6a57,1,0,"[0.66437166929245,0.1585066020488739,0.17712169885635376]"
2,P12+P11+P03,P11,a88921e6b65700d5,1,0,"[0.5887274146080017,0.26612499356269836,0.14514751732349396]"
2,P12+P11+P03,P11,9645860f70b83d6b,2,2,"[0.04862462729215622,0.009279162622988224,0.9420962333679199]"
2,P12+P11+P03,P11,633e9b31cd5e0933,2,2,"[0.1828444004058838,0.026138585060834885,0.7910170555114746]"
2,P12+P11+P03,P11,23a90257589e7c67,2,2,"[0.40325626730918884,0.052681028842926025,0.5440627336502075]"
2,P12+P11+P03,P11,142c9a5b0d64e984,2,2,"[0.40479162335395813,0.10088877379894257,0.4943196475505829]"
2,P12+P11+P03,P11,bb697c8f755ec475,2,0,"[0.6728800535202026,0.20899738371372223,0.11812252551317215]"
2,P12+P11+P03,P11,49b333ea31abe091,2,0,"[0.6288001537322998,0.23774440586566925,0.13345551490783691]"
2,P12+P11+P03,P12,bd6d1c4e19a89b4a,0,0,"[0.5477675199508667,0.22475765645503998,0.2274748533964157]"
2,P12+P11+P03,P12,27557d0d2ecefcc2,0,0,"[0.5551641583442688,0.20236465334892273,0.24247105419635773]"
2,P12+P11+P03,P12,1cb508fd97bf4fc3,0,2,"[0.06525789946317673,0.24391789734363556,0.6908241510391235]"
2,P12+P11+P03,P12,c6cb80e09cb43e21,0,2,"[0.21902990341186523,0.2823435962200165,0.49862658977508545]"
2,P12+P11+P03,P12,0ad8b3350e539dd2,0,2,"[0.1709667295217514,0.3278183341026306,0.5012150406837463]"
2,P12+P11+P03,P12,1b9f41996c08a9a5,0,2,"[0.31993186473846436,0.32803601026535034,0.3520321249961853]"
2,P12+P11+P03,P12,b96636e2998ecf03,1,2,"[0.33554714918136597,0.2745745778083801,0.38987812399864197]"
2,P12+P11+P03,P12,14eaa850595e5267,1,2,"[0.2990230619907379,0.24911920726299286,0.4518577754497528]"
2,P12+P11+P03,P12,df2630e6d88ee005,1,2,"[0.06579970568418503,0.2765684425830841,0.6576318144798279]"
2,P12+P11+P03,P12,45c32eb15628ef73,1,2,"[0.24070154130458832,0.23732343316078186,0.5219749808311462]"
2,P12+P11+P03,P12,1a43f938bea16845,1,2,"[0.15836577117443085,0.332367479801178,0.5092668533325195]"
2,P12+P11+P03,P12,7aab45446cee51fd,1,2,"[0.24691343307495117,0.34447160363197327,0.4086148738861084]"
2,P12+P11+P03,P12,df8940d92f3b64f0,2,2,"[0.24332188069820404,0.22640171647071838,0.530276358127594]"
2,P12+P11+P03,P12,9c698ab448c2c42f,2,2,"[0.35628125071525574,0.22910897433757782,0.4146098494529724]"
2,P12+P11+P03,P12,bd8129c3e3feff1e,2,2,"[0.05511552095413208,0.25968775153160095,0.6851966381072998]"
2,P12+P11+P03,P12,fb8a9b3a5d933137,2,2,"[0.26401737332344055,0.27943214774131775,0.4565505087375641]"
2,P12+P11+P03,P12,3468d8c8a9888b7a,2,1,"[0.22832460701465607,0.4245629608631134,0.3471125066280365]"
2,P12+P11+P03,P12,4588212cacb4cac6,2,2,"[0.3012342154979706,0.29483136534690857,0.40393441915512085]"
2,P12+P11+P03,P12,8e35a764ee2b175a,0,0,"[0.4025498628616333,0.2449791133403778,0.3524709939956665]"
2,P12+P11+P03,P12,f70e50aec675921a,0,0,"[0.40754714608192444,0.2990666925907135,0.293386310338974]"
2,P12+P11+P03,P12,6cf489d7fa4907f0,0,1,"[0.11658110469579697,0.5086128115653992,0.3748059868812561]"
2,P12+P11+P03,P12,df3a0e0408205700,0,1,"[0.30245035886764526,0.3491813540458679,0.34836825728416443]"
2,P12+P11+P03,P12,71694d2134271557,0,1,"[0.24608731269836426,0.386202335357666,0.3677104413509369]"
2,P12+P11+P03,P12,4045dbd1a09f68d5,0,1,"[0.32922494411468506,0.35888993740081787,0.3118850588798523]"
2,P12+P11+P03,P12,313ca9c5d632ed48,1,2,"[0.245889812707901,0.2503785789012909,0.5037316679954529]"
2,P12+P11+P03,P12,e48fb8d343a64e70,1,2,"[0.14117732644081116,0.12881256639957428,0.7300099730491638]"
2,P12+P11+P03,P12,1563c7497c78870b,1,2,"[0.048011425882577896,0.19819071888923645,0.7537979483604431]"
2,P12+P11+P03,P12,3e007845c153ee80,1,2,"[0.18656376004219055,0.24285586178302765,0.5705803632736206]"
2,P12+P11+P03,P12,92c0388f545bdddb,1,1,"[0.21734119951725006,0.49303555488586426,0.2896232306957245]"
2,P12+P11+P03,P12,97dcc1df97ae9862,1,2,"[0.2574498951435089,0.33314383029937744,0.40940627455711365]"
2,P12+P11+P03,P12,435d35880feda7f1,2,2,"[0.03669721633195877,0.05375344306230545,0.909549355506897]"
2,P12+P11+P03,P12,72a9d13d5097aa7e,2,2,"[0.23834823071956635,0.16222067177295685,0.5994312167167664]"
2,P12+P11+P03,P12,b7b8769570d188d8,2,2,"[0.020335327833890915,0.055990442633628845,0.9236742258071899]"
2,P12+P11+P03,P12,4727a7657e824d0a,2,2,"[0.23741738498210907,0.2594279944896698,0.5031546950340271]"
2,P12+P11+P03,P12,d75475b0f0951fcd,2,2,"[0.1467844545841217,0.340483158826828,0.5127323269844055]"
2,P12+P11+P03,P12,8b779c0f8813a76c,2,2,"[0.28430846333503723,0.3355496823787689,0.38014182448387146]"
3,P05+P13+P04,P04,fcc30d1ecfe1821c,0,0,"[0.61965411901474,0.1844038963317871,0.19594207406044006]"
3,P05+P13+P04,P04,9d1af5d7a92ce497,0,0,"[0.9403440952301025,0.03840279579162598,0.021253041923046112]"
3,P05+P13+P04,P04,e360f5948cce4eba,0,0,"[0.41013064980506897,0.36137399077415466,0.22849538922309875]"
3,P05+P13+P04,P04,059c6e8a5dea0262,0,0,"[0.5425018668174744,0.2352413684129715,0.22225679457187653]"
3,P05+P13+P04,P04,e71a999e2c440e1f,0,1,"[0.20778018236160278,0.5316511392593384,0.26056861877441406]"
3,P05+P13+P04,P04,ebd405c494c5e0a4,0,0,"[0.4570971429347992,0.42168256640434265,0.12122036516666412]"
3,P05+P13+P04,P04,9b3b1f5b23155063,1,1,"[0.17607423663139343,0.4953042268753052,0.3286215364933014]"
3,P05+P13+P04,P04,90bc2c40acc12434,1,0,"[0.6453623175621033,0.12117458879947662,0.2334631383419037]"
3,P05+P13+P04,P04,04b58344871d6d70,1,0,"[0.4163525104522705,0.1774962842464447,0.40615126490592957]"
3,P05+P13+P04,P04,fca01dbd74f04a36,1,0,"[0.5232594609260559,0.19279596209526062,0.2839444577693939]"
3,P05+P13+P04,P04,a118ec6fafd69d35,1,1,"[0.449706107378006,0.46955960988998413,0.0807342678308487]"
3,P05+P13+P04,P04,5dd3da91329b5fc8,1,1,"[0.2699195444583893,0.6830676794052124,0.04701294004917145]"
3,P05+P13+P04,P04,a19778123c057df9,2,0,"[0.43448328971862793,0.31694233417510986,0.2485744208097458]"
3,P05+P13+P04,P04,05abdc203ae077b6,2,0,"[0.6391117572784424,0.08418421447277069,0.27670398354530334]"
3,P05+P13+P04,P04,9528d138f6b38c35,2,2,"[0.38675442337989807,0.19776828587055206,0.41547733545303345]"
3,P05+P13+P04,P04,9eb3ba5fccbbdf2c,2,0,"[0.5208411812782288,0.23233935236930847,0.24681954085826874]"
3,P05+P13+P04,P04,baf66a08b4ea57dd,2,1,"[0.3586168587207794,0.3851906359195709,0.2561925947666168]"
3,P05+P13+P04,P04,2aa38dd94924f106,2,1,"[0.3187844455242157,0.5642790794372559,0.11693646758794785]"
3,P05+P13+P04,P04,657a15568d236657,0,1,"[0.31294432282447815,0.5596307516098022,0.1274249404668808]"
3,P05+P13+P04,P04,45f7a92dffcaeadf,0,1,"[0.23075050115585327,0.6692162752151489,0.1000332310795784]"
3,P05+P13+P04,P04,9bd30dfdc8d94348,0,1,"[0.05086275190114975,0.797926127910614,0.15121124684810638]"
3,P05+P13+P04,P04,20b323d5a99298cc,0,1,"[0.0761798620223999,0.820029079914093,0.10379108041524887]"
3,P05+P13+P04,P04,f6c23e985c7dc202,0,1,"[0.07229647785425186,0.868598222732544,0.05910532921552658]"
3,P05+P13+P04,P04,c899f0289b90eb9e,0,1,"[0.04934125766158104,0.9049241542816162,0.04573456570506096]"
3,P05+P13+P04,P04,2ca8a01b50a7905c,1,1,"[0.2548684775829315,0.5509833097457886,0.19414828717708588]"
3,P05+P13+P04,P04,383a957f5de3a311,1,1,"[0.3168845772743225,0.39001402258872986,0.29310140013694763]"
3,P05+P13+P04,P04,40ce20dd20af5e7d,1,2,"[0.05002228170633316,0.43361982703208923,0.5163580179214478]"
3,P05+P13+P04,P04,68ff6e516d771b4b,1,1,"[0.07269080728292465,0.8030796051025391,0.12422949820756912]"
3,P05+P13+P04,P04,87fb623c262e0828,1,1,"[0.08479360491037369,0.8581212759017944,0.05708514526486397]"
3,P05+P13+P04,P04,9d7a5f0343ee2179,1,1,"[0.07582339644432068,0.8617383241653442,0.062438271939754486]"
3,P05+P13+P04,P04,93e8a2e9558ff245,2,1,"[0.28472959995269775,0.4555148482322693,0.2597556710243225]"
3,P05+P13+P04,P04,dc3683087d5d78c9,2,2,"[0.16729126870632172,0.3965506851673126,0.43615812063217163]"
3,P05+P13+P04,P04,55f6e75f7d1ba95b,2,1,"[0.06381949782371521,0.6125202178955078,0.32366037368774414]"
3,P05+P13+P04,P04,ccd671de9e4a063b,2,1,"[0.09213916957378387,0.7769865393638611,0.13087411224842072]"
3,P05+P13+P04,P04,3e147fcac350eb19,2,1,"[0.16971059143543243,0.6989551782608032,0.1313343197107315]"
3,P05+P13+P04,P04,730702f02d0005ae,2,1,"[0.13259688019752502,0.8158828020095825,0.05152035877108574]"
3,P05+P13+P04,P05,6991c01b6301fb9c,0,0,"[0.7374566197395325,0.20330531895160675,0.05923798307776451]"
3,P05+P13+P04,P05,acc111dc00a1c707,0,0,"[0.8665589094161987,0.09930142015218735,0.03413954749703407]"
3,P05+P13+P04,P05,b0fcd22e1850e43d,0,0,"[0.5132496953010559,0.2704504430294037,0.21629969775676727]"
3,P05+P13+P04,P05,95a171e1df6ce965,0,0,"[0.6645658016204834,0.2073563039302826,0.12807787954807281]"
3,P05+P13+P04,P05,912e9e14dcc4b5a4,0,0,"[0.5736762881278992,0.229949951171875,0.19637399911880493]"
3,P05+P13+P04,P05,9f52e45889d34c1e,0,2,"[0.30691707134246826,0.16585519909858704,0.5272278785705566]"
3,P05+P13+P04,P05,3d52632377087469,1,1,"[0.3037698566913605,0.6762324571609497,0.019997665658593178]"
3,P05+P13+P04,P05,64d388f4d6bd62b3,1,1,"[0.31305307149887085,0.6534328460693359,0.03351403400301933]"
3,P05+P13+P04,P05,98ab1436820c95ee,1,0,"[0.7941495776176453,0.12529873847961426,0.08055173605680466]"
3,P05+P13+P04,P05,21e27fe5c9ec419e,1,0,"[0.6588106751441956,0.17455092072486877,0.16663843393325806]"
3,P05+P13+P04,P05,6cea2b6185e1cdd9,1,1,"[0.2595652639865875,0.4473475515842438,0.2930872142314911]"
3,P05+P13+P04,P05,4056ba6eade5aae0,1,1,"[0.36901944875717163,0.5438618659973145,0.08711866289377213]"
3,P05+P13+P04,P05,334c315b47780fa8,2,0,"[0.5013996362686157,0.14369763433933258,0.35490256547927856]"
3,P05+P13+P04,P05,4489db2396e56130,2,0,"[0.5750929713249207,0.18830418586730957,0.23660290241241455]"
3,P05+P13+P04,P05,beb39d0b802b6ccd,2,0,"[0.4451042413711548,0.3378496468067169,0.21704626083374023]"
3,P05+P13+P04,P05,f6d4caea72fbd0dc,2,0,"[0.4625299870967865,0.35328325629234314,0.18418674170970917]"
3,P05+P13+P04,P05,789cbf072efe5f46,2,1,"[0.3391604721546173,0.4223833978176117,0.23845618963241577]"
3,P05+P13+P04,P05,af77dd834f12f8a9,0,0,"[0.5209511518478394,0.4409973919391632,0.038051486015319824]"
3,P05+P13+P04,P05,fe6b77e3f8821041,0,0,"[0.4355144500732422,0.3873535990715027,0.17713212966918945]"
3,P05+P13+P04,P05,4dd1e82a88349e0b,0,2,"[0.17340359091758728,0.27547699213027954,0.551119327545166]"
3,P05+P13+P04,P05,d60aeb3472f5ddf9,0,2,"[0.1803743839263916,0.32135194540023804,0.49827367067337036]"
3,P05+P13+P04,P05,de62b29f70119f52,0,0,"[0.47159746289253235,0.2796179950237274,0.2487846165895462]"
3,P05+P13+P04,P05,ebf1cb603392cfef,0,1,"[0.3442361652851105,0.42128273844718933,0.2344810664653778]"
3,P05+P13+P04,P05,4012a785bb6bd1b3,1,1,"[0.37678539752960205,0.5613429546356201,0.06187151372432709]"
3,P05+P13+P04,P05,a7d73a3324062e9e,1,0,"[0.5115832686424255,0.3605160117149353,0.12790055572986603]"
3,P05+P13+P04,P05,1a7cd6501c9cce62,1,1,"[0.34292495250701904,0.445681095123291,0.2113940715789795]"
3,P05+P13+P04,P05,caca28a0d6d1580e,1,1,"[0.2789894640445709,0.4764253795146942,0.24458517134189606]"
3,P05+P13+P04,P05,82529bb95ea3a112,1,1,"[0.2641938328742981,0.46453917026519775,0.2712669372558594]"
3,P05+P13+P04,P05,cbca13e18e34500b,1,2,"[0.2606790363788605,0.25464534759521484,0.4846755862236023]"
3,P05+P13+P04,P05,a42e9f799fb3a3d3,2,0,"[0.4936384856700897,0.2646089196205139,0.24175257980823517]"
3,P05+P13+P04,P05,07e2b047099cbad9,2,0,"[0.6217207908630371,0.3044884502887726,0.07379081845283508]"
3,P05+P13+P04,P05,002ad0ceaf95c322,2,0,"[0.44278568029403687,0.2854543626308441,0.271759957075119]"
3,P05+P13+P04,P05,89ede0f87e9920b6,2,2,"[0.3626207709312439,0.2620587944984436,0.3753204941749573]"
3,P05+P13+P04,P05,a7501df1809db096,2,2,"[0.28396376967430115,0.3437004089355469,0.3723357319831848]"
3,P05+P13+P04,P05,d820a254a397df49,2,2,"[0.1767696589231491,0.18086111545562744,0.642369270324707]"
3,P05+P13+P04,P13,8c3e13149fb49276,0,2,"[0.25362953543663025,0.2963615953922272,0.4500088691711426]"
3,P05+P13+P04,P13,e780a5f47b26f8d9,0,2,"[0.05151964724063873,0.16679918766021729,0.7816812992095947]"
3,P05+P13+P04,P13,22d6bc225b21d783,0,2,"[0.11775632202625275,0.28986430168151855,0.5923792719841003]"
3,P05+P13+P04,P13,25481ff450bf81bb,0,2,"[0.0853077620267868,0.2003122717142105,0.7143800258636475]"
3,P05+P13+P04,P13,896bdc3be7976b86,0,2,"[0.14783114194869995,0.3557888865470886,0.4963800013065338]"
3,P05+P13+P04,P13,e5e90d3303c816a1,0,1,"[0.30938488245010376,0.5980198979377747,0.09259515255689621]"
3,P05+P13+P04,P13,b97a641d5aeb20cb,1,2,"[0.1584143042564392,0.39651164412498474,0.44507405161857605]"
3,P05+P13+P04,P13,77d28ff8e5b3b30a,1,2,"[0.009495030157268047,0.26654934883117676,0.7239556908607483]"
3,P05+P13+P04,P13,372da7838e473a40,1,1,"[0.0877726674079895,0.456426203250885,0.4558010399341583]"
3,P05+P13+P04,P13,50671aa14ab79657,1,1,"[0.12033791095018387,0.5565042495727539,0.3231578767299652]"
3,P05+P13+P04,P13,65be815d04655bac,1,1,"[0.28397512435913086,0.6066513061523438,0.10937363654375076]"
3,P05+P13+P04,P13,c129febf5c4917b3,1,1,"[0.2235925942659378,0.6137043237686157,0.16270315647125244]"
3,P05+P13+P04,P13,5b392b9316016f30,2,2,"[0.06364783644676208,0.20540986955165863,0.7309423089027405]"
3,P05+P13+P04,P13,3d868ebae44094e5,2,2,"[0.01472368836402893,0.07204566895961761,0.9132306575775146]"
3,P05+P13+P04,P13,d2ddefe066415cf1,2,2,"[0.06053149700164795,0.3747152090072632,0.5647532939910889]"
3,P05+P13+P04,P13,83953f0b520e69da,2,1,"[0.04956832155585289,0.7258259057998657,0.2246057540178299]"
3,P05+P13+P04,P13,c6b845535a711c8f,2,1,"[0.1611591875553131,0.7293083071708679,0.1095324158668518]"
3,P05+P13+P04,P13,737f3db45053a121,2,1,"[0.13185226917266846,0.45722779631614685,0.4109199643135071]"
3,P05+P13+P04,P13,c115ad52816ad39f,0,0,"[0.5637335181236267,0.3162270188331604,0.12003930658102036]"
3,P05+P13+P04,P13,c195068d3c2fed2c,0,2,"[0.22718973457813263,0.2922426462173462,0.48056760430336]"
3,P05+P13+P04,P13,d25e9fd3d860f189,0,2,"[0.06925062090158463,0.09632152318954468,0.8344278931617737]"
3,P05+P13+P04,P13,a0731f49b482ab27,0,2,"[0.39469388127326965,0.17525307834148407,0.4300529956817627]"
3,P05+P13+P04,P13,1a2893ceb52faf66,0,2,"[0.11378735303878784,0.42114564776420593,0.46506696939468384]"
3,P05+P13+P04,P13,ef9914ad7228c24f,0,2,"[0.2847275733947754,0.19652746617794037,0.5187451243400574]"
3,P05+P13+P04,P13,10a3c34754f14cb0,1,0,"[0.5847808122634888,0.16029365360736847,0.2549256682395935]"
3,P05+P13+P04,P13,0b09284d5507ac87,1,2,"[0.34556177258491516,0.18233133852481842,0.47210693359375]"
3,P05+P13+P04,P13,40bcff91516f74a5,1,2,"[0.11976287513971329,0.11124605685472488,0.7689910531044006]"
3,P05+P13+P04,P13,c911dd92c510a64b,1,2,"[0.08099119365215302,0.12048222124576569,0.7985266447067261]"
3,P05+P13+P04,P13,82cfcab09e6e62f8,1,2,"[0.08989964425563812,0.24458810687065125,0.6655122637748718]"
3,P05+P13+P04,P13,2d28cc95c313c9e2,1,2,"[0.27294179797172546,0.2846001386642456,0.4424579441547394]"
3,P05+P13+P04,P13,31ab5939defcdcb8,2,2,"[0.05417565256357193,0.02925633080303669,0.9165681004524231]"
3,P05+P13+P04,P13,4cd43b6b27e88057,2,2,"[0.048947494477033615,0.030913570895791054,0.9201391339302063]"
3,P05+P13+P04,P13,835eb3773d177aed,2,2,"[0.06676837801933289,0.05334550514817238,0.8798862099647522]"
3,P05+P13+P04,P13,42f2d971c9867960,2,2,"[0.02010977268218994,0.08624160289764404,0.8936484456062317]"
3,P05+P13+P04,P13,b7250918d7e98363,2,2,"[0.00830559991300106,0.06117206811904907,0.9305222034454346]"
3,P05+P13+P04,P13,390504ab8d6523f8,2,2,"[0.05150711163878441,0.10029922425746918,0.8481936454772949]"
4,P15+P10+P06,P06,bbddc311ca68fd3f,0,2,"[0.19009241461753845,0.3476372957229614,0.4622703492641449]"
4,P15+P10+P06,P06,bab2370453e09fda,0,2,"[0.09109798073768616,0.2173880934715271,0.6915139555931091]"
4,P15+P10+P06,P06,42e79f87aac24138,0,2,"[0.17404109239578247,0.18938544392585754,0.6365734338760376]"
4,P15+P10+P06,P06,4095196d2824ac3e,0,2,"[0.23504839837551117,0.14882208406925201,0.6161293983459473]"
4,P15+P10+P06,P06,9adfaf42439fe562,0,2,"[0.3445921242237091,0.18036164343357086,0.4750462472438812]"
4,P15+P10+P06,P06,00bed2e9347b8b57,0,0,"[0.4517284333705902,0.1890956461429596,0.35917598009109497]"
4,P15+P10+P06,P06,6588dec91365ac45,1,2,"[0.29341381788253784,0.2386723756790161,0.46791380643844604]"
4,P15+P10+P06,P06,28d3bd4ca9238358,1,2,"[0.023455124348402023,0.08997340500354767,0.88657146692276]"
4,P15+P10+P06,P06,b93c91deffdc47c5,1,2,"[0.048275914043188095,0.1243714690208435,0.8273526430130005]"
4,P15+P10+P06,P06,857e2c68e7721733,1,2,"[0.1345549076795578,0.1528359055519104,0.7126093506813049]"
4,P15+P10+P06,P06,7a4fc4cef64089a4,1,2,"[0.22583843767642975,0.32807615399360657,0.44608554244041443]"
4,P15+P10+P06,P06,ec3d2ab67f45d9b9,1,2,"[0.35738658905029297,0.2627497911453247,0.3798637092113495]"
4,P15+P10+P06,P06,35ca9edcd8b5073a,2,2,"[0.011985879391431808,0.07796142995357513,0.9100527167320251]"
4,P15+P10+P06,P06,b9f14ddfdc4e232f,2,2,"[0.11080895364284515,0.2875898480415344,0.6016011834144592]"
4,P15+P10+P06,P06,bb5939b2de3bc9f6,2,2,"[0.01704266667366028,0.03805765509605408,0.9448997378349304]"
4,P15+P10+P06,P06,3bfabd37068bca00,2,2,"[0.095066137611866,0.03730952739715576,0.8676245808601379]"
4,P15+P10+P06,P06,fe68322e64711cbf,2,2,"[0.27652865648269653,0.25663506984710693,0.4668363928794861]"
4,P15+P10+P06,P06,fab588e7d361d54a,2,0,"[0.42374634742736816,0.32429248094558716,0.2519613206386566]"
4,P15+P10+P06,P06,6aaa748ee9fc1bf3,0,1,"[0.3798757493495941,0.5339760780334473,0.0861482322216034]"
4,P15+P10+P06,P06,c44949df54848eab,0,0,"[0.6093270778656006,0.30475935339927673,0.08591361343860626]"
4,P15+P10+P06,P06,f559292fe382b159,0,1,"[0.17035891115665436,0.44414135813713074,0.3854998052120209]"
4,P15+P10+P06,P06,5511dfde3a529204,0,1,"[0.16062486171722412,0.6926537156105042,0.14672134816646576]"
4,P15+P10+P06,P06,5c4e11854ac31970,0,1,"[0.22003844380378723,0.5291106104850769,0.2508509159088135]"
4,P15+P10+P06,P06,222e8eada3c55e78,0,2,"[0.30272048711776733,0.3180733621120453,0.37920624017715454]"
4,P15+P10+P06,P06,075e8151dea32b45,1,1,"[0.25450530648231506,0.5802004933357239,0.16529421508312225]"
4,P15+P10+P06,P06,b7a5b20c46c3ce7c,1,1,"[0.4306826591491699,0.4712150990962982,0.09810220450162888]"
4,P15+P10+P06,P06,1ccf58a27ccc2068,1,2,"[0.09268505871295929,0.32090941071510315,0.5864055752754211]"
4,P15+P10+P06,P06,eb13834bd6184b99,1,2,"[0.06567094475030899,0.1250641644001007,0.8092649579048157]"
4,P15+P10+P06,P06,54bf8d27ebe7ff41,1,1,"[0.19047370553016663,0.4797804057598114,0.32974591851234436]"
4,P15+P10+P06,P06,0afeb1823c687ee7,1,2,"[0.19822053611278534,0.1226922795176506,0.6790871024131775]"
4,P15+P10+P06,P06,b9da8120c78fa62f,2,2,"[0.07699830085039139,0.34224021434783936,0.5807614922523499]"
4,P15+P10+P06,P06,3e56e2d3cd52889a,2,2,"[0.060879334807395935,0.1858210265636444,0.7532995939254761]"
4,P15+P10+P06,P06,6ea86953308c961a,2,2,"[0.007926154881715775,0.27048781514167786,0.7215859293937683]"
4,P15+P10+P06,P06,52baabe519b2ed2a,2,2,"[0.1250598281621933,0.20246607065200806,0.6724739670753479]"
4,P15+P10+P06,P06,9d88630cc8358385,2,2,"[0.19432774186134338,0.17682281136512756,0.6288493871688843]"
4,P15+P10+P06,P06,422c14a3a9c10979,2,2,"[0.4370633065700531,0.05700070410966873,0.5059360265731812]"
4,P15+P10+P06,P10,b10573817a370594,0,0,"[0.6598913669586182,0.30723974108695984,0.032868850976228714]"
4,P15+P10+P06,P10,66f63b766116d790,0,0,"[0.48754796385765076,0.4341069161891937,0.0783451721072197]"
4,P15+P10+P06,P10,16d3605ee7969e52,0,1,"[0.3501022756099701,0.3854319155216217,0.2644657492637634]"
4,P15+P10+P06,P10,e7219ccfa511eb73,0,1,"[0.11860756576061249,0.7141160368919373,0.1672762781381607]"
4,P15+P10+P06,P10,27418c479bb62132,0,1,"[0.09705988317728043,0.8386937975883484,0.06424625962972641]"
4,P15+P10+P06,P10,364bc387a84401de,0,0,"[0.7649884819984436,0.17487932741641998,0.060132138431072235]"
4,P15+P10+P06,P10,7eb37606d5f761c2,1,0,"[0.8540602922439575,0.10110855847597122,0.044831160455942154]"
4,P15+P10+P06,P10,a338b5a7de9f2455,1,1,"[0.3846266567707062,0.5068443417549133,0.10852903127670288]"
4,P15+P10+P06,P10,32ad7ee7fddef712,1,1,"[0.31869611144065857,0.6218990087509155,0.05940486118197441]"
4,P15+P10+P06,P10,8cc7295455950f19,1,1,"[0.15293407440185547,0.6659870743751526,0.18107889592647552]"
4,P15+P10+P06,P10,5574fa020a28f863,1,2,"[0.12122030556201935,0.42613914608955383,0.45264050364494324]"
4,P15+P10+P06,P10,1efd3b16e7d7ef8a,1,0,"[0.4985171854496002,0.2757726311683655,0.2257101684808731]"
4,P15+P10+P06,P10,8c34517dc65e42b5,2,2,"[0.04254258796572685,0.03200853243470192,0.9254489541053772]"
4,P15+P10+P06,P10,03241eb9a3c8a4ef,2,2,"[0.30370423197746277,0.11326705664396286,0.5830287337303162]"
4,P15+P10+P06,P10,ada1088f568b1472,2,0,"[0.42410337924957275,0.3788796663284302,0.1970168799161911]"
4,P15+P10+P06,P10,ccd526c5191cdece,2,1,"[0.16465483605861664,0.5001950263977051,0.3351500928401947]"
4,P15+P10+P06,P10,b567b70e5a2a456d,2,2,"[0.10374585539102554,0.17220109701156616,0.7240530848503113]"
4,P15+P10+P06,P10,8e89783bcdf9fe00,2,2,"[0.26049405336380005,0.09326798468828201,0.6462379693984985]"
4,P15+P10+P06,P10,6248859646968c9a,0,0,"[0.5964664816856384,0.0980994701385498,0.3054340183734894]"
4,P15+P10+P06,P10,38435a90a2ce0dc3,0,0,"[0.5551839470863342,0.13663113117218018,0.30818501114845276]"
4,P15+P10+P06,P10,91f2ef05caf32cc2,0,2,"[0.16319982707500458,0.3808760643005371,0.45592421293258667]"
4,P15+P10+P06,P10,4627ad0c4fb9634c,0,0,"[0.38273707032203674,0.31376194953918457,0.30350086092948914]"
4,P15+P10+P06,P10,cff1ffe9b6e2a2ab,0,2,"[0.15491247177124023,0.31656429171562195,0.5285232067108154]"
4,P15+P10+P06,P10,fa14ae789a0dd459,0,2,"[0.3800112307071686,0.13948297500610352,0.48050570487976074]"
4,P15+P10+P06,P10,61a49adb209027ad,1,0,"[0.6034996509552002,0.24229277670383453,0.15420764684677124]"
4,P15+P10+P06,P10,c8647b7ad5c37c67,1,2,"[0.34250450134277344,0.2831542193889618,0.37434133887290955]"
4,P15+P10+P06,P10,d1b9442a2245c046,1,2,"[0.20699115097522736,0.3562968969345093,0.4367119073867798]"
4,P15+P10+P06,P10,8e0e9a594d9a1d5b,1,2,"[0.20244529843330383,0.30371513962745667,0.49383947253227234]"
4,P15+P10+P06,P10,036b8f476a827221,1,1,"[0.2752194106578827,0.3821024000644684,0.34267815947532654]"
4,P15+P10+P06,P10,3f736705e3886047,1,0,"[0.7411791682243347,0.1344381868839264,0.12438266724348068]"
4,P15+P10+P06,P10,a2e393dff31fbca5,2,2,"[0.07954283058643341,0.07642780244350433,0.844029426574707]"
4,P15+P10+P06,P10,3eead5392699a039,2,2,"[0.31974902749061584,0.3031885027885437,0.3770626187324524]"
4,P15+P10+P06,P10,5fac13f445dfdf8b,2,2,"[0.2167799472808838,0.348026305437088,0.4351937472820282]"
4,P15+P10+P06,P10,e30eba0982b339a3,2,2,"[0.17330503463745117,0.27445152401924133,0.5522435307502747]"
4,P15+P10+P06,P10,4174a372cf151a51,2,2,"[0.1160726547241211,0.0974380224943161,0.7864894270896912]"
4,P15+P10+P06,P10,6282a8d201f12e42,2,2,"[0.30320003628730774,0.06829550117254257,0.6285043358802795]"
4,P15+P10+P06,P15,0c4a38753a8c74b6,0,0,"[0.5172948837280273,0.13314330577850342,0.3495619297027588]"
4,P15+P10+P06,P15,0abdb407f39ae2fd,0,2,"[0.4418151080608368,0.09482008218765259,0.4633648693561554]"
4,P15+P10+P06,P15,3997260a86977658,0,2,"[0.2088865488767624,0.0656542107462883,0.7254590392112732]"
4,P15+P10+P06,P15,f0d9f1b873772d0d,0,2,"[0.39603090286254883,0.10891151428222656,0.4950575530529022]"
4,P15+P10+P06,P15,4d1a779082a57cbb,0,0,"[0.466605544090271,0.18573923408985138,0.34765517711639404]"
4,P15+P10+P06,P15,562cb762a1c5a0fe,0,0,"[0.7532868981361389,0.10986605286598206,0.13684704899787903]"
4,P15+P10+P06,P15,dc3112aadd9020db,1,0,"[0.51429682970047,0.348564475774765,0.13713864982128143]"
4,P15+P10+P06,P15,99936ece39a4a283,1,0,"[0.5438305139541626,0.2980206310749054,0.15814878046512604]"
4,P15+P10+P06,P15,4c56eca372dc1afb,1,0,"[0.5189433097839355,0.22074604034423828,0.26031064987182617]"
4,P15+P10+P06,P15,89d674f3c8f10178,1,0,"[0.44164538383483887,0.2899402678012848,0.26841431856155396]"
4,P15+P10+P06,P15,272482851e74d250,1,0,"[0.4754330515861511,0.3182969391345978,0.2062700092792511]"
4,P15+P10+P06,P15,3b5fe1dbef52ca7b,1,0,"[0.5140708088874817,0.18530094623565674,0.300628125667572]"
4,P15+P10+P06,P15,6abb6330c1ca3653,2,2,"[0.23914827406406403,0.075660340487957,0.6851913332939148]"
4,P15+P10+P06,P15,b359ff3e2b2ebe38,2,2,"[0.29330676794052124,0.1323666274547577,0.5743266940116882]"
4,P15+P10+P06,P15,edb1aab1dd90728b,2,2,"[0.2841981053352356,0.10737007111310959,0.6084316968917847]"
4,P15+P10+P06,P15,6e84e34452c6bdf2,2,2,"[0.3006420135498047,0.15951938927173615,0.5398386120796204]"
4,P15+P10+P06,P15,8c37e399482c0263,2,2,"[0.14112547039985657,0.06765162944793701,0.7912228107452393]"
4,P15+P10+P06,P15,935c243d7a4ef58c,2,2,"[0.14103682339191437,0.030534394085407257,0.8284286856651306]"
4,P15+P10+P06,P15,121f73fde3ca45c4,0,2,"[0.2906665802001953,0.16574205458164215,0.543591320514679]"
4,P15+P10+P06,P15,b87332aed4a0cc53,0,0,"[0.519922137260437,0.2364690750837326,0.24360892176628113]"
4,P15+P10+P06,P15,6452419a07d0d644,0,2,"[0.3120318055152893,0.27187880873680115,0.4160892963409424]"
4,P15+P10+P06,P15,45a01cf5675b8a12,0,0,"[0.4896729588508606,0.30699023604393005,0.20333679020404816]"
4,P15+P10+P06,P15,0777b5d1e36ae9a0,0,0,"[0.5128723978996277,0.363972008228302,0.1231556087732315]"
4,P15+P10+P06,P15,8e7440d2ade4da94,0,0,"[0.5712341666221619,0.23839859664440155,0.1903672218322754]"
4,P15+P10+P06,P15,2a9513f8b921d199,1,1,"[0.16118741035461426,0.6872425675392151,0.15156994760036469]"
4,P15+P10+P06,P15,642eb080b46446f0,1,1,"[0.18981266021728516,0.6051197052001953,0.20506784319877625]"
4,P15+P10+P06,P15,7db1689ee502e05d,1,1,"[0.24359039962291718,0.5396257042884827,0.21678397059440613]"
4,P15+P10+P06,P15,c0eb632038ab8597,1,1,"[0.17548508942127228,0.8049460649490356,0.019568784162402153]"
4,P15+P10+P06,P15,6e791e565b99199a,1,1,"[0.16075283288955688,0.6933514475822449,0.1458958089351654]"
4,P15+P10+P06,P15,93ff6ac6e6167bb0,1,0,"[0.5478444695472717,0.35325413942337036,0.09890139102935791]"
4,P15+P10+P06,P15,c19136836bd0918f,2,2,"[0.023022720590233803,0.06266504526138306,0.9143121242523193]"
4,P15+P10+P06,P15,aa1290e9ae615b5c,2,2,"[0.08063998073339462,0.0991053357720375,0.8202546834945679]"
4,P15+P10+P06,P15,7445681ccf92cede,2,2,"[0.22177833318710327,0.28652751445770264,0.4916940927505493]"
4,P15+P10+P06,P15,aa6ad9a8d60b3660,2,1,"[0.3835768401622772,0.4122532904148102,0.20416989922523499]"
4,P15+P10+P06,P15,f5b6867864b7a09e,2,1,"[0.3151325583457947,0.5488499999046326,0.13601745665073395]"
4,P15+P10+P06,P15,819cbafcabbab3f8,2,0,"[0.4335954189300537,0.42277857661247253,0.14362595975399017]"
5,P14+P07+P09,P07,71ebfe79ff16eaa1,0,1,"[0.36593925952911377,0.47290661931037903,0.16115400195121765]"
5,P14+P07+P09,P07,c9da4291e920b8be,0,1,"[0.15784917771816254,0.5247392058372498,0.3174116015434265]"
5,P14+P07+P09,P07,05dabe308fe81bb8,0,2,"[0.017380818724632263,0.25016966462135315,0.7324495911598206]"
5,P14+P07+P09,P07,f77485f3fe3ec178,0,2,"[0.22174453735351562,0.34085315465927124,0.4374023675918579]"
5,P14+P07+P09,P07,006e4d137aa7565e,0,1,"[0.17919528484344482,0.4666084349155426,0.3541962802410126]"
5,P14+P07+P09,P07,220e7c18fc387f89,0,1,"[0.28840434551239014,0.3888431191444397,0.32275253534317017]"
5,P14+P07+P09,P07,f5def992d7df0d31,1,1,"[0.12183979153633118,0.7483457326889038,0.12981441617012024]"
5,P14+P07+P09,P07,2a4632ead670d297,1,2,"[0.107777900993824,0.21962200105190277,0.6726000308990479]"
5,P14+P07+P09,P07,ddb2436116d1cb0c,1,2,"[0.007925495505332947,0.18034100532531738,0.8117335438728333]"
5,P14+P07+P09,P07,67fe632541ef548f,1,0,"[0.567642867565155,0.2858803868293762,0.14647673070430756]"
5,P14+P07+P09,P07,4b4c842cc4b1593c,1,0,"[0.8948384523391724,0.07739360630512238,0.027768030762672424]"
5,P14+P07+P09,P07,ac165a938f2840db,1,1,"[0.2578291594982147,0.544977068901062,0.197193905711174]"
5,P14+P07+P09,P07,5e86e6e635709ff6,2,2,"[0.005614993628114462,0.03051595389842987,0.9638691544532776]"
5,P14+P07+P09,P07,b4d2832647aa2bb1,2,1,"[0.002260355744510889,0.5014283061027527,0.49631133675575256]"
5,P14+P07+P09,P07,48092d93ee898c5e,2,2,"[0.0035200766287744045,0.4543111324310303,0.5421687364578247]"
5,P14+P07+P09,P07,5200bb7cd1656618,2,1,"[0.03828489035367966,0.6407926678657532,0.3209224343299866]"
5,P14+P07+P09,P07,1daf72903531f14e,2,0,"[0.4030674397945404,0.373812198638916,0.22312034666538239]"
5,P14+P07+P09,P07,ad7257fbe9f51b9c,2,1,"[0.21803581714630127,0.5846043229103088,0.19735972583293915]"
5,P14+P07+P09,P07,6967f6b3673fea0d,0,2,"[0.26595577597618103,0.09479843080043793,0.6392456889152527]"
5,P14+P07+P09,P07,fb2e02659c08f480,0,2,"[0.11193476617336273,0.07960842549800873,0.8084568381309509]"
5,P14+P07+P09,P07,3bde19112b1532e2,0,1,"[0.0034399698488414288,0.7568899393081665,0.23966996371746063]"
5,P14+P07+P09,P07,c66dcd7e687aabff,0,2,"[0.018693415448069572,0.38739049434661865,0.593916118144989]"
5,P14+P07+P09,P07,9e9409116af23876,0,2,"[0.023108871653676033,0.48614293336868286,0.49074822664260864]"
5,P14+P07+P09,P07,5f78f75c90c9748b,0,2,"[0.011223972775042057,0.33403077721595764,0.6547451615333557]"
5,P14+P07+P09,P07,2f3607fa5b7d5685,1,2,"[0.264941930770874,0.20772290229797363,0.5273352265357971]"
5,P14+P07+P09,P07,fb5e419259e01605,1,2,"[0.13300883769989014,0.1748618632555008,0.6921293139457703]"
5,P14+P07+P09,P07,b198cadf0172f400,1,1,"[0.10726217180490494,0.5406887531280518,0.3520492613315582]"
5,P14+P07+P09,P07,3058e842292b9852,1,1,"[0.11097026616334915,0.7168833017349243,0.17214633524417877]"
5,P14+P07+P09,P07,503d07616ea97348,1,1,"[0.07703304290771484,0.7974750399589539,0.12549184262752533]"
5,P14+P07+P09,P07,e52254e33923e3e5,1,1,"[0.021161608397960663,0.6050769686698914,0.3737611472606659]"
5,P14+P07+P09,P07,2fbab6afe66719de,2,2,"[0.004552031401544809,0.0042305742390453815,0.9912175536155701]"
5,P14+P07+P09,P07,14f2a5e42bbc470b,2,2,"[2.9913448997831438e-06,0.029098447412252426,0.9708986878395081]"
5,P14+P07+P09,P07,ef478b6b01157848,2,2,"[0.0011760375928133726,0.3720266819000244,0.6267973780632019]"
5,P14+P07+P09,P07,988ff0897a779aa7,2,2,"[0.0012618351029232144,0.3703937530517578,0.6283443570137024]"
5,P14+P07+P09,P07,55e8549b34531792,2,1,"[0.025516090914607048,0.7266057729721069,0.24787811934947968]"
5,P14+P07+P09,P07,2dda2d35a4217a08,2,0,"[0.3787930905818939,0.2597993314266205,0.3614075183868408]"
5,P14+P07+P09,P09,4691aafc9377da17,0,1,"[0.25076237320899963,0.6689351797103882,0.08030247688293457]"
5,P14+P07+P09,P09,1d5eb6f3e8939bfa,0,0,"[0.4289056360721588,0.35259294509887695,0.2185014933347702]"
5,P14+P07+P09,P09,d5fb7bf89558171d,0,1,"[0.3252977132797241,0.6258783936500549,0.048823993653059006]"
5,P14+P07+P09,P09,ed065cfa2e62f8be,0,1,"[0.17565688490867615,0.7519926428794861,0.07235055416822433]"
5,P14+P07+P09,P09,623a173e55d98ec7,0,1,"[0.05715350806713104,0.905677318572998,0.03716922178864479]"
5,P14+P07+P09,P09,8d5ccf81dc5b1f89,0,1,"[0.05733589082956314,0.6535935997962952,0.28907060623168945]"
5,P14+P07+P09,P09,7c5fb74cb1efd55c,1,0,"[0.47462576627731323,0.38031306862831116,0.145061194896698]"
5,P14+P07+P09,P09,31d439f22d4d3288,1,2,"[0.23138678073883057,0.35176971554756165,0.4168436527252197]"
5,P14+P07+P09,P09,ebf86d4059fce551,1,1,"[0.12774986028671265,0.6884721517562866,0.18377803266048431]"
5,P14+P07+P09,P09,a2891d3cbc0cdb9e,1,1,"[0.22289171814918518,0.6878071427345276,0.08930111676454544]"
5,P14+P07+P09,P09,7d0ed2f4603c5348,1,1,"[0.1316419392824173,0.7663432955741882,0.10201484709978104]"
5,P14+P07+P09,P09,10dd503661295219,1,2,"[0.05390797555446625,0.4424470067024231,0.5036450624465942]"
5,P14+P07+P09,P09,09480ba325ad1b12,2,2,"[0.012181480415165424,0.041856516152620316,0.9459620118141174]"
5,P14+P07+P09,P09,9dbbd3158e5af580,2,2,"[0.05686035007238388,0.09816177189350128,0.8449779748916626]"
5,P14+P07+P09,P09,2e2d8894733234f8,2,2,"[0.12906387448310852,0.36768919229507446,0.5032469630241394]"
5,P14+P07+P09,P09,8b72af9f2ad5ca24,2,1,"[0.1761053055524826,0.5002518892288208,0.32364293932914734]"
5,P14+P07+P09,P09,fceb6db9b60aa6f3,2,1,"[0.08430729806423187,0.618892252445221,0.29680055379867554]"
5,P14+P07+P09,P09,9275e2295e96858f,2,2,"[0.09223451465368271,0.44014525413513184,0.467620313167572]"
5,P14+P07+P09,P09,a581e469d831a024,0,2,"[0.02170092798769474,0.04110501706600189,0.9371939897537231]"
5,P14+P07+P09,P09,2170035f9a2f65a6,0,2,"[0.1868095099925995,0.1089414581656456,0.7042489051818848]"
5,P14+P07+P09,P09,0129daa4f4d67f29,0,2,"[0.00738188810646534,0.06804322451353073,0.9245748519897461]"
5,P14+P07+P09,P09,757c3d051a359c74,0,2,"[0.025691967457532883,0.1293925791978836,0.8449153900146484]"
5,P14+P07+P09,P09,7f230fc3a937a20c,0,2,"[0.13024750351905823,0.2393627017736435,0.6303899884223938]"
5,P14+P07+P09,P09,86271dd6b4b7f80e,0,2,"[0.05404309928417206,0.2934695780277252,0.6524874567985535]"
5,P14+P07+P09,P09,af15114c2e2dc5b0,1,1,"[0.1509869545698166,0.45481136441230774,0.39420169591903687]"
5,P14+P07+P09,P09,c5f3ddde99177522,1,2,"[0.07854868471622467,0.30273476243019104,0.6187164187431335]"
5,P14+P07+P09,P09,d55a2cd6aea968dd,1,2,"[0.010681760497391224,0.3607195317745209,0.6285988688468933]"
5,P14+P07+P09,P09,bc5695304fca23b7,1,2,"[0.028482798486948013,0.1524011492729187,0.8191161155700684]"
5,P14+P07+P09,P09,8f917e534110d44d,1,2,"[0.11025812476873398,0.0928974598646164,0.796844482421875]"
5,P14+P07+P09,P09,3ee96483e7c0e924,1,2,"[0.4183526933193207,0.03152555599808693,0.5501217246055603]"
5,P14+P07+P09,P09,a444187f9e12f1fb,2,2,"[0.007321484852582216,0.009795247577130795,0.9828833937644958]"
5,P14+P07+P09,P09,a0576240cbb40112,2,2,"[0.2115638107061386,0.034057699143886566,0.7543784976005554]"
5,P14+P07+P09,P09,6ac51ed2cadd5d79,2,2,"[0.19026093184947968,0.1251244992017746,0.6846144795417786]"
5,P14+P07+P09,P09,8b40ad674a2c2669,2,2,"[0.08305490761995316,0.2938138246536255,0.6231313347816467]"
5,P14+P07+P09,P09,7f315864f7d0cae8,2,2,"[0.06032732501626015,0.4148564636707306,0.5248161554336548]"
5,P14+P07+P09,P09,86eeb878dd0e9094,2,2,"[0.0724460631608963,0.4097749888896942,0.5177789926528931]"
5,P14+P07+P09,P14,5cfb078c707cbcca,0,2,"[0.09807498753070831,0.15557104349136353,0.7463538646697998]"
5,P14+P07+P09,P14,2a437be7cc457bc4,0,2,"[0.06501670181751251,0.05176784098148346,0.8832154870033264]"
5,P14+P07+P09,P14,e57d68f46337781c,0,2,"[0.03857433423399925,0.26713305711746216,0.694292426109314]"
5,P14+P07+P09,P14,a61e4824a577e84f,0,1,"[0.044172562658786774,0.6568209528923035,0.2990066111087799]"
5,P14+P07+P09,P14,777c9379c29afa6b,0,1,"[0.03795570880174637,0.763107180595398,0.19893695414066315]"
5,P14+P07+P09,P14,87fc04801c68daaf,0,1,"[0.06407459080219269,0.6728150248527527,0.2631103992462158]"
5,P14+P07+P09,P14,51e802eff77e658f,1,2,"[0.178828626871109,0.3140335977077484,0.5071378946304321]"
5,P14+P07+P09,P14,5f6259e55d344a79,1,2,"[0.20706605911254883,0.12047271430492401,0.6724612712860107]"
5,P14+P07+P09,P14,cfc05799268a1c93,1,2,"[0.11661165952682495,0.32366499304771423,0.5597233176231384]"
5,P14+P07+P09,P14,125f314fd36bff1c,1,1,"[0.22433193027973175,0.41941356658935547,0.3562544882297516]"
5,P14+P07+P09,P14,32da762042900f4e,1,1,"[0.03910278528928757,0.8301953077316284,0.1307019740343094]"
5,P14+P07+P09,P14,65be469427353c80,1,1,"[0.17732898890972137,0.506739616394043,0.31593164801597595]"
5,P14+P07+P09,P14,8079f780548c81db,2,2,"[0.00458095408976078,0.012105361558496952,0.9833136796951294]"
5,P14+P07+P09,P14,3ebfd1f300507109,2,2,"[0.003521749982610345,0.008250201120972633,0.9882279634475708]"
5,P14+P07+P09,P14,5b04ed26da36fcea,2,2,"[0.023930562660098076,0.24013932049274445,0.7359300851821899]"
5,P14+P07+P09,P14,769ce9e4f4e0214d,2,1,"[0.060257863253355026,0.6118364334106445,0.3279058039188385]"
5,P14+P07+P09,P14,19e94ab81aa32912,2,1,"[0.03507467731833458,0.727217435836792,0.23770777881145477]"
5,P14+P07+P09,P14,c05379904aa1c333,2,1,"[0.10546477138996124,0.5152077674865723,0.3793273866176605]"
5,P14+P07+P09,P14,d0fe4313222390ce,0,2,"[0.14770762622356415,0.1457354724407196,0.7065568566322327]"
5,P14+P07+P09,P14,fdc455f512c9980a,0,2,"[0.2013106346130371,0.02201632782816887,0.7766731977462769]"
5,P14+P07+P09,P14,516cd862951052a6,0,0,"[0.41861990094184875,0.23278078436851501,0.34859931468963623]"
5,P14+P07+P09,P14,c4892d14a7b8b0e3,0,0,"[0.43927595019340515,0.3790147304534912,0.18170946836471558]"
5,P14+P07+P09,P14,6b9994b89d7472f8,0,1,"[0.10649587213993073,0.7277556657791138,0.16574853658676147]"
5,P14+P07+P09,P14,5bbcf185738dd8de,0,1,"[0.2400849610567093,0.6393211483955383,0.1205938309431076]"
5,P14+P07+P09,P14,b791736d23a20c74,1,2,"[0.07872442156076431,0.4485357701778412,0.4727398455142975]"
5,P14+P07+P09,P14,21b53338d8382788,1,2,"[0.018810395151376724,0.00917474552989006,0.9720149636268616]"
5,P14+P07+P09,P14,1590a060c7307e61,1,2,"[0.04907884821295738,0.11643510311841965,0.8344860076904297]"
5,P14+P07+P09,P14,4fd9f6f0fd5510de,1,2,"[0.20204006135463715,0.3516361713409424,0.4463236629962921]"
5,P14+P07+P09,P14,7e5ace8604503bf9,1,1,"[0.15561360120773315,0.7452099919319153,0.09917649626731873]"
5,P14+P07+P09,P14,0499f87beb35259c,1,1,"[0.16130347549915314,0.7332342267036438,0.10546227544546127]"
5,P14+P07+P09,P14,146bbc3c9cbbccee,2,2,"[0.023279186338186264,0.0743037611246109,0.902417004108429]"
5,P14+P07+P09,P14,f48ae57ccd478838,2,2,"[0.014945877715945244,0.0694580003619194,0.9155962467193604]"
5,P14+P07+P09,P14,097d002873754027,2,2,"[0.025032268837094307,0.14598792791366577,0.8289798498153687]"
5,P14+P07+P09,P14,3b13c617717ba44e,2,2,"[0.12314020097255707,0.35726532340049744,0.5195946097373962]"
5,P14+P07+P09,P14,bd58cce28b02a8c1,2,1,"[0.2084302306175232,0.546980082988739,0.2445896714925766]"
5,P14+P07+P09,P14,d6fb47d800567969,2,1,"[0.3413209915161133,0.4413403570652008,0.21733872592449188]"
